Order_ID,Customer_Name,Product_Type,Units_Ordered,Unit_Price,Order_Date,Delivery_Date,Status
ORD00000,Samsung,Memory,33906,144.09,2023-10-27 06:26:53,2023-07-14 16:59:09,Shipped
ORD00001,TSMC,CPU,18526,164.74,2023-06-28 11:39:40,2023-07-28 12:22:26,Shipped
ORD00002,NVIDIA,GPU,29687,181.16,2023-01-06 15:52:04,2023-08-09 13:21:34,Shipped
ORD00003,AMD,GPU,8842,137.71,2023-03-04 06:24:32,2023-10-31 17:34:47,Shipped
ORD00004,AMD,RF Chip,26525,331.65,2023-02-26 15:31:27,2023-11-30 14:16:51,Shipped
ORD00005,Intel,RF Chip,3961,331.96,2023-02-17 13:28:33,2023-12-04 05:40:03,Delivered
ORD00006,Apple,Power IC,37419,394.45,2023-08-03 18:38:00,2023-12-22 02:24:39,Pending
ORD00007,Intel,ASIC,44926,110.41,2023-01-28 14:24:25,2023-05-17 18:17:31,Delivered
ORD00008,Apple,CPU,12655,482.34,2023-06-17 04:52:40,2023-01-04 02:26:35,Pending
ORD00009,NVIDIA,GPU,43256,202.07,2023-04-22 14:41:26,2023-04-09 00:21:36,Shipped
ORD00010,AMD,RF Chip,19281,104.72,2023-10-22 05:53:23,2023-03-16 09:48:56,Delivered
ORD00011,Samsung,ASIC,47274,382.81,2023-11-11 05:32:20,2023-02-24 08:57:17,Delivered
ORD00012,TSMC,CPU,35208,248.52,2023-01-03 06:17:18,2023-07-14 10:11:18,Delivered
ORD00013,TSMC,GPU,41291,118.71,2023-04-07 12:23:06,2023-08-19 16:28:58,Pending
ORD00014,AMD,Memory,27930,285.04,2023-07-17 20:42:02,2023-11-01 10:48:09,Shipped
ORD00015,Intel,ASIC,12774,272.33,2023-02-24 07:29:08,2023-09-24 23:47:40,Shipped
ORD00016,Intel,Memory,33690,379.04,2023-10-21 12:11:51,2023-04-25 14:11:32,Shipped
ORD00017,Apple,GPU,14223,396.23,2023-01-10 07:29:41,2023-06-07 20:54:48,Delivered
ORD00018,TSMC,GPU,41537,306.39,2023-11-12 20:58:42,2023-02-09 02:18:39,Pending
ORD00019,Apple,Memory,40593,133.57,2023-06-29 15:04:09,2023-02-06 23:53:54,Shipped
ORD00020,AMD,GPU,30648,54.33,2023-03-14 11:34:26,2023-04-13 16:35:26,Shipped
ORD00021,NVIDIA,ASIC,39785,73.26,2023-03-07 17:16:25,2023-10-14 02:52:27,Shipped
ORD00022,Intel,ASIC,22538,124.53,2023-12-28 02:49:47,2023-05-06 19:46:26,Shipped
ORD00023,AMD,ASIC,48901,203.71,2023-09-22 09:05:14,2023-05-20 16:49:28,Pending
ORD00024,Samsung,ASIC,15008,233.38,2023-06-04 16:58:40,2023-01-28 06:16:04,Shipped
ORD00025,TSMC,CPU,7823,368.41,2023-09-22 15:45:13,2023-01-12 05:36:10,Shipped
ORD00026,AMD,GPU,1581,146.52,2023-12-16 19:35:52,2023-09-02 03:41:05,Pending
ORD00027,Apple,Memory,9668,258.84,2023-12-09 12:35:33,2023-08-13 15:18:04,Delivered
ORD00028,Samsung,RF Chip,14485,455.35,2023-09-27 06:55:22,2023-07-15 07:06:24,Delivered
ORD00029,NVIDIA,RF Chip,38092,166.92,2023-12-07 18:36:12,2023-06-04 20:52:59,Delivered
ORD00030,Samsung,Power IC,38058,458.9,2023-08-20 22:49:37,2023-04-03 05:49:30,Pending
ORD00031,NVIDIA,RF Chip,1317,345.44,2023-10-26 22:59:01,2023-03-09 09:48:14,Shipped
ORD00032,Intel,Memory,39671,357.34,2023-04-30 12:57:13,2023-10-21 11:35:00,Delivered
ORD00033,Apple,GPU,16827,335.48,2023-09-21 11:39:20,2023-03-07 15:55:33,Delivered
ORD00034,Qualcomm,Power IC,27644,363.55,2023-02-15 21:46:39,2023-07-02 23:40:13,Shipped
ORD00035,Apple,CPU,4327,306.41,2023-12-20 12:49:53,2023-12-01 20:58:45,Shipped
ORD00036,NVIDIA,ASIC,6235,108.89,2023-08-06 19:14:49,2023-01-11 00:23:12,Pending
ORD00037,AMD,RF Chip,31546,386.42,2023-05-31 09:55:49,2023-05-03 12:56:15,Delivered
ORD00038,NVIDIA,CPU,28294,229.27,2023-07-20 00:55:03,2023-08-27 05:37:47,Delivered
ORD00039,Apple,Power IC,16059,382.83,2023-05-23 07:34:16,2023-04-08 20:20:32,Delivered
ORD00040,Intel,Power IC,11001,307.65,2023-08-13 00:18:04,2023-07-31 04:00:57,Shipped
ORD00041,Samsung,RF Chip,5884,210.43,2023-07-14 06:07:44,2023-06-03 16:46:41,Delivered
ORD00042,NVIDIA,CPU,47678,101.16,2023-04-17 01:10:31,2023-04-04 18:29:35,Delivered
ORD00043,Intel,RF Chip,22259,150.41,2023-01-05 21:37:10,2023-07-04 09:01:21,Shipped
ORD00044,NVIDIA,ASIC,5672,288.73,2023-06-20 23:10:58,2023-01-24 23:07:03,Delivered
ORD00045,Samsung,GPU,3065,351.3,2023-03-25 04:43:04,2023-11-16 01:53:53,Shipped
ORD00046,AMD,ASIC,44547,333.46,2023-11-24 15:25:47,2023-06-26 20:49:50,Delivered
ORD00047,Intel,Memory,41488,179.9,2023-08-24 03:35:46,2023-08-21 09:50:01,Pending
ORD00048,TSMC,GPU,2754,429.31,2023-05-04 05:28:24,2023-01-22 02:59:54,Shipped
ORD00049,Apple,ASIC,47007,455.43,2023-01-05 11:10:21,2023-01-16 13:27:55,Delivered
ORD00050,AMD,RF Chip,28716,449.61,2023-09-25 19:19:12,2023-12-21 05:02:01,Shipped
ORD00051,Intel,Power IC,32864,91.96,2023-01-16 12:07:24,2023-02-07 06:50:35,Shipped
ORD00052,Qualcomm,GPU,40310,402.85,2023-10-12 14:25:59,2023-06-25 09:40:37,Pending
ORD00053,Samsung,Power IC,32935,396.18,2023-12-11 23:16:37,2023-10-24 22:26:58,Pending
ORD00054,TSMC,CPU,9997,69.47,2023-03-31 00:30:28,2023-03-29 21:47:55,Shipped
ORD00055,Qualcomm,Power IC,11046,77.83,2023-05-10 14:45:19,2023-05-21 20:28:25,Shipped
ORD00056,Qualcomm,ASIC,1859,120.58,2023-10-24 06:14:50,2023-06-12 20:25:20,Delivered
ORD00057,NVIDIA,RF Chip,1944,133.97,2023-02-05 13:10:00,2023-02-26 18:58:46,Delivered
ORD00058,TSMC,Memory,46828,472.08,2023-09-16 00:23:55,2023-02-27 07:20:26,Delivered
ORD00059,Intel,ASIC,33404,181.72,2023-05-14 18:18:07,2023-03-05 01:11:47,Delivered
ORD00060,NVIDIA,RF Chip,39947,339.07,2023-03-12 03:58:00,2023-12-16 16:58:32,Delivered
ORD00061,Intel,Memory,24748,358.98,2023-11-04 15:30:33,2023-01-09 23:16:03,Pending
ORD00062,NVIDIA,Power IC,19900,51.98,2023-07-29 08:38:03,2023-01-24 10:33:08,Shipped
ORD00063,Apple,Memory,46434,80.12,2023-01-06 17:30:56,2023-06-30 00:48:32,Delivered
ORD00064,Intel,RF Chip,27509,169.27,2023-11-18 19:10:47,2023-01-29 10:49:42,Shipped
ORD00065,AMD,ASIC,17808,241.65,2023-01-20 19:53:58,2023-03-23 22:35:04,Pending
ORD00066,NVIDIA,RF Chip,37072,308.37,2023-10-17 11:49:39,2023-09-29 22:12:13,Delivered
ORD00067,Apple,CPU,45338,468.22,2023-08-05 19:08:28,2023-03-29 05:17:53,Shipped
ORD00068,NVIDIA,CPU,5495,265.69,2023-06-02 16:26:58,2023-09-19 10:03:29,Delivered
ORD00069,TSMC,ASIC,15445,218.93,2023-01-26 14:41:21,2023-07-01 08:01:29,Delivered
ORD00070,Intel,RF Chip,22035,461.89,2023-09-04 04:15:15,2023-09-27 09:30:10,Shipped
ORD00071,Apple,Memory,44015,156.3,2023-08-30 09:48:36,2023-02-08 21:15:58,Delivered
ORD00072,Apple,ASIC,26712,234.67,2023-11-04 18:19:17,2023-06-22 14:02:28,Delivered
ORD00073,Samsung,CPU,9969,214.82,2023-05-21 21:49:38,2023-05-24 08:16:13,Delivered
ORD00074,Intel,Power IC,29170,310.34,2023-07-26 13:09:38,2023-11-09 12:14:45,Delivered
ORD00075,NVIDIA,CPU,34073,379.29,2023-12-14 22:51:49,2023-11-17 10:12:07,Shipped
ORD00076,Intel,RF Chip,5051,54.87,2023-08-14 16:18:21,2023-08-08 22:37:55,Shipped
ORD00077,NVIDIA,GPU,2042,98.92,2023-10-04 03:44:41,2023-01-25 22:34:37,Delivered
ORD00078,Apple,Memory,18955,481.18,2023-11-07 17:12:03,2023-01-05 22:12:52,Shipped
ORD00079,NVIDIA,CPU,22651,296.31,2023-03-08 16:47:28,2023-12-01 06:05:52,Pending
ORD00080,Qualcomm,Power IC,47445,101.5,2023-02-19 07:40:49,2023-12-19 21:19:58,Delivered
ORD00081,AMD,Memory,41206,441.61,2023-01-10 12:57:05,2023-03-07 11:38:17,Delivered
ORD00082,Qualcomm,Memory,2942,424.44,2023-07-09 08:23:14,2023-09-03 03:01:57,Shipped
ORD00083,TSMC,ASIC,34605,451.65,2023-10-16 06:30:12,2023-09-04 12:53:13,Pending
ORD00084,Apple,Memory,34551,467.15,2023-03-03 15:38:06,2023-04-22 03:44:21,Shipped
ORD00085,NVIDIA,CPU,23788,479.03,2023-12-18 07:02:04,2023-02-24 01:44:11,Pending
ORD00086,Apple,ASIC,7929,251.23,2023-06-15 04:11:04,2023-04-11 08:08:56,Shipped
ORD00087,AMD,Memory,1997,198.79,2023-10-09 20:29:50,2023-01-09 05:29:35,Pending
ORD00088,NVIDIA,Power IC,1128,211.07,2023-09-03 23:35:29,2023-12-13 13:08:10,Delivered
ORD00089,NVIDIA,ASIC,48361,445.37,2023-02-13 11:34:13,2023-01-10 08:28:41,Delivered
ORD00090,NVIDIA,ASIC,20523,427.07,2023-08-26 18:59:22,2023-03-12 22:29:58,Shipped
ORD00091,TSMC,GPU,15493,496.43,2023-10-15 07:37:12,2023-03-06 17:35:40,Pending
ORD00092,Apple,ASIC,21413,346.66,2023-03-13 16:45:17,2023-07-23 08:01:24,Delivered
ORD00093,TSMC,ASIC,9232,210.75,2023-09-20 15:09:18,2023-02-08 12:17:19,Pending
ORD00094,Samsung,CPU,49088,256.38,2023-08-26 17:35:34,2023-06-28 01:34:43,Shipped
ORD00095,TSMC,GPU,33540,227.9,2023-09-07 15:45:04,2023-04-06 03:31:20,Delivered
ORD00096,AMD,RF Chip,38586,94.28,2023-09-05 00:53:13,2023-01-13 11:55:11,Shipped
ORD00097,Intel,RF Chip,22586,224.54,2023-02-15 08:50:54,2023-02-08 04:20:47,Pending
ORD00098,TSMC,Memory,36079,83.08,2023-10-26 04:10:23,2023-11-25 09:23:26,Shipped
ORD00099,Samsung,RF Chip,9808,270.76,2023-02-07 20:19:38,2023-01-30 07:16:43,Pending
ORD00100,Apple,CPU,2219,491.51,2023-10-16 22:10:38,2023-05-18 09:45:05,Pending
ORD00101,Apple,RF Chip,41474,183.78,2023-10-26 13:11:13,2023-07-17 10:49:52,Shipped
ORD00102,TSMC,RF Chip,32103,103.12,2023-05-05 04:14:23,2023-02-06 01:26:42,Delivered
ORD00103,NVIDIA,Memory,10531,465.58,2023-10-22 17:06:53,2023-04-30 07:10:56,Shipped
ORD00104,TSMC,Power IC,28233,214.6,2023-07-17 21:40:27,2023-12-26 19:14:16,Delivered
ORD00105,Apple,ASIC,19567,59.49,2023-08-13 03:35:39,2023-01-14 03:50:26,Shipped
ORD00106,Intel,ASIC,35243,55.55,2023-06-24 04:27:44,2023-08-21 14:12:59,Delivered
ORD00107,NVIDIA,CPU,46800,365.92,2023-03-24 16:56:20,2023-12-20 01:55:22,Delivered
ORD00108,Apple,ASIC,48219,315.36,2023-06-26 20:49:37,2023-06-28 01:45:42,Delivered
ORD00109,TSMC,Memory,42284,72.21,2023-01-16 11:01:54,2023-09-17 09:42:33,Delivered
ORD00110,TSMC,Power IC,27037,64.32,2023-05-07 05:10:22,2023-05-26 03:37:41,Delivered
ORD00111,Samsung,GPU,27343,452.66,2023-01-05 10:22:49,2023-11-05 15:17:38,Pending
ORD00112,TSMC,ASIC,5611,428.79,2023-11-29 07:41:45,2023-07-01 11:50:36,Pending
ORD00113,Qualcomm,Memory,32314,232.63,2023-01-01 04:34:13,2023-04-25 13:31:50,Delivered
ORD00114,Intel,CPU,38891,342.9,2023-02-16 22:50:11,2023-11-29 01:25:54,Delivered
ORD00115,NVIDIA,Memory,30705,124.45,2023-08-01 05:37:45,2023-03-26 01:28:37,Shipped
ORD00116,AMD,RF Chip,13894,251.88,2023-04-01 22:32:45,2023-01-10 21:06:32,Pending
ORD00117,AMD,ASIC,3410,328.37,2023-05-25 21:28:29,2023-11-21 23:13:28,Delivered
ORD00118,AMD,ASIC,43076,290.69,2023-03-14 20:08:04,2023-05-31 14:24:21,Shipped
ORD00119,Apple,GPU,43468,378.06,2023-09-11 06:11:56,2023-12-24 12:09:09,Shipped
ORD00120,NVIDIA,ASIC,26773,108.05,2023-02-18 02:00:02,2023-07-04 04:58:56,Shipped
ORD00121,AMD,ASIC,29538,92.17,2023-03-01 23:03:44,2023-01-27 02:13:52,Delivered
ORD00122,Qualcomm,GPU,48075,73.13,2023-10-14 13:22:25,2023-05-30 21:10:43,Shipped
ORD00123,AMD,Memory,7462,320.31,2023-11-21 12:19:30,2023-10-27 07:53:53,Delivered
ORD00124,Apple,RF Chip,23757,50.64,2023-11-11 00:27:31,2023-05-17 05:30:24,Pending
ORD00125,AMD,GPU,11552,163.27,2023-03-09 01:09:29,2023-10-06 04:34:08,Delivered
ORD00126,Qualcomm,GPU,15136,439.39,2023-02-21 02:42:15,2023-04-29 23:55:36,Shipped
ORD00127,AMD,CPU,43322,310.44,2023-06-12 03:17:05,2023-04-02 03:03:31,Delivered
ORD00128,Apple,ASIC,49068,185.04,2023-02-22 12:43:14,2023-11-10 11:02:43,Delivered
ORD00129,Intel,ASIC,28859,429.74,2023-01-17 01:14:06,2023-05-09 02:47:34,Delivered
ORD00130,Intel,CPU,38179,306.24,2023-02-05 04:56:40,2023-01-29 17:58:14,Shipped
ORD00131,Intel,Memory,9438,427.61,2023-10-29 11:16:50,2023-09-02 07:58:52,Shipped
ORD00132,Qualcomm,CPU,17380,88.69,2023-06-07 03:52:19,2023-12-23 23:37:15,Shipped
ORD00133,Intel,Power IC,45758,471.24,2023-10-01 20:04:31,2023-07-24 12:39:54,Delivered
ORD00134,Apple,Memory,18625,150.67,2023-10-10 20:30:54,2023-06-11 00:39:55,Shipped
ORD00135,TSMC,Memory,20558,139.75,2023-05-23 19:29:20,2023-10-11 22:34:05,Delivered
ORD00136,AMD,RF Chip,47500,66.9,2023-06-24 23:56:24,2023-06-11 21:54:46,Shipped
ORD00137,Samsung,Power IC,37161,61.6,2023-05-08 02:20:48,2023-08-17 21:46:50,Delivered
ORD00138,NVIDIA,Memory,26831,440.77,2023-04-24 15:46:28,2023-03-26 11:16:52,Shipped
ORD00139,AMD,Memory,28236,357.98,2023-08-03 07:06:03,2023-12-19 03:51:19,Delivered
ORD00140,Samsung,Memory,10317,422.74,2023-01-26 12:29:01,2023-06-04 14:43:40,Shipped
ORD00141,TSMC,Power IC,32431,470.84,2023-02-23 11:09:25,2023-12-08 18:04:54,Delivered
ORD00142,Qualcomm,GPU,24617,322.83,2023-08-21 06:42:21,2023-06-16 08:44:57,Pending
ORD00143,TSMC,CPU,31023,350.25,2023-09-10 05:32:25,2023-06-07 09:07:40,Delivered
ORD00144,NVIDIA,ASIC,17669,111.33,2023-01-30 04:42:14,2023-06-09 11:00:42,Shipped
ORD00145,Samsung,RF Chip,7560,488.46,2023-06-07 06:04:31,2023-07-18 16:35:34,Shipped
ORD00146,NVIDIA,GPU,20114,153.23,2023-05-28 08:10:22,2023-12-15 01:40:06,Shipped
ORD00147,TSMC,CPU,41947,110.53,2023-04-20 14:50:25,2023-10-12 10:23:53,Shipped
ORD00148,TSMC,RF Chip,10156,74.64,2023-06-24 22:34:07,2023-06-25 05:12:40,Delivered
ORD00149,Qualcomm,RF Chip,30219,246.05,2023-02-12 23:03:35,2023-03-01 21:49:30,Shipped
ORD00150,Apple,Memory,41469,483.28,2023-11-22 09:14:14,2023-06-18 16:18:03,Shipped
ORD00151,Intel,Power IC,24724,99.03,2023-08-21 04:24:37,2023-10-24 09:29:58,Shipped
ORD00152,TSMC,Memory,4604,254.29,2023-12-10 18:06:22,2023-08-30 07:05:21,Shipped
ORD00153,Samsung,ASIC,47789,310.35,2023-04-16 06:11:35,2023-12-25 04:30:32,Shipped
ORD00154,Apple,Memory,27167,105.04,2023-01-04 03:31:28,2023-09-16 05:21:11,Delivered
ORD00155,Qualcomm,Memory,19973,337.87,2023-04-04 18:42:02,2023-02-01 10:57:59,Shipped
ORD00156,Samsung,GPU,12807,339.3,2023-11-25 13:09:11,2023-03-31 15:56:29,Shipped
ORD00157,NVIDIA,Power IC,33816,99.22,2023-07-27 01:41:28,2023-06-25 10:42:44,Shipped
ORD00158,NVIDIA,GPU,1013,105.28,2023-07-03 01:50:04,2023-09-28 13:52:28,Shipped
ORD00159,Intel,ASIC,26692,105.98,2023-10-07 12:51:35,2023-05-22 18:07:04,Shipped
ORD00160,Qualcomm,RF Chip,42492,312.82,2023-05-27 09:34:04,2023-03-18 22:47:47,Delivered
ORD00161,Qualcomm,ASIC,41185,151.04,2023-04-02 17:24:45,2023-03-01 06:44:55,Delivered
ORD00162,TSMC,RF Chip,49645,476.24,2023-04-19 11:53:32,2023-09-17 14:26:57,Shipped
ORD00163,TSMC,RF Chip,29856,431.98,2023-02-02 22:08:47,2023-10-13 02:41:46,Pending
ORD00164,TSMC,Power IC,26415,213.52,2023-04-10 11:59:02,2023-10-05 01:42:56,Pending
ORD00165,Apple,GPU,9242,272.32,2023-01-08 20:02:05,2023-05-05 11:05:11,Delivered
ORD00166,NVIDIA,Power IC,22659,305.75,2023-07-07 13:40:38,2023-02-11 20:23:12,Delivered
ORD00167,NVIDIA,GPU,46912,375.03,2023-10-19 09:34:25,2023-08-10 12:30:38,Shipped
ORD00168,Qualcomm,ASIC,40258,434.96,2023-05-24 15:50:55,2023-11-28 11:02:22,Shipped
ORD00169,NVIDIA,CPU,41920,165.04,2023-08-08 23:42:58,2023-01-08 00:16:28,Delivered
ORD00170,AMD,CPU,21775,280.37,2023-10-25 19:49:29,2023-07-13 03:07:46,Delivered
ORD00171,TSMC,RF Chip,32147,263.82,2023-08-19 10:23:51,2023-10-17 12:13:36,Shipped
ORD00172,TSMC,Power IC,4965,250.69,2023-10-14 01:15:26,2023-10-13 04:31:53,Pending
ORD00173,Qualcomm,GPU,45384,456.72,2023-11-09 15:20:17,2023-04-22 18:19:58,Pending
ORD00174,Intel,CPU,32232,451.13,2023-02-01 01:28:48,2023-11-13 11:58:43,Delivered
ORD00175,Samsung,Power IC,18336,496.49,2023-04-22 12:15:47,2023-05-17 19:31:58,Shipped
ORD00176,Qualcomm,Power IC,37172,86.96,2023-02-04 07:29:45,2023-12-30 13:14:01,Delivered
ORD00177,Samsung,CPU,36469,468.7,2023-11-13 07:01:23,2023-06-26 11:27:54,Shipped
ORD00178,Qualcomm,ASIC,37884,392.97,2023-06-18 23:28:27,2023-08-03 07:49:02,Shipped
ORD00179,Qualcomm,RF Chip,45235,493.35,2023-06-21 14:54:44,2023-09-10 08:13:27,Pending
ORD00180,Apple,CPU,13387,117.18,2023-06-04 07:46:49,2023-07-05 06:17:51,Shipped
ORD00181,NVIDIA,GPU,44958,235.09,2023-10-04 09:03:38,2023-02-16 04:37:20,Delivered
ORD00182,Qualcomm,CPU,9162,372.65,2023-07-08 06:32:46,2023-04-11 22:35:10,Shipped
ORD00183,AMD,CPU,20675,456.1,2023-12-10 11:39:11,2023-02-26 15:07:53,Shipped
ORD00184,Qualcomm,Memory,41572,72.42,2023-05-21 23:07:47,2023-08-26 22:22:51,Delivered
ORD00185,Intel,Memory,30875,345.46,2023-10-07 17:04:47,2023-08-13 05:48:25,Delivered
ORD00186,NVIDIA,Memory,7127,158.72,2023-02-18 17:55:31,2023-05-22 01:34:36,Shipped
ORD00187,Samsung,GPU,48823,364.4,2023-08-13 05:24:16,2023-01-25 09:58:24,Delivered
ORD00188,AMD,RF Chip,18854,77.16,2023-04-18 13:09:14,2023-09-04 03:53:19,Pending
ORD00189,NVIDIA,GPU,30971,152.8,2023-08-07 20:03:48,2023-01-03 02:17:57,Delivered
ORD00190,Apple,Power IC,14883,425.57,2023-10-16 13:41:35,2023-10-14 23:58:18,Pending
ORD00191,Samsung,CPU,13350,90.2,2023-08-06 10:16:32,2023-01-15 06:13:49,Shipped
ORD00192,Samsung,Memory,25917,403.16,2023-10-10 11:51:35,2023-06-11 01:23:38,Delivered
ORD00193,Qualcomm,CPU,14239,62.76,2023-02-06 14:47:07,2023-11-03 21:37:00,Shipped
ORD00194,NVIDIA,GPU,39551,240.02,2023-04-24 06:39:06,2023-05-31 11:03:07,Delivered
ORD00195,NVIDIA,CPU,48596,204.86,2023-06-21 18:50:41,2023-06-05 18:35:49,Pending
ORD00196,Qualcomm,ASIC,29935,343.48,2023-01-16 13:52:13,2023-05-10 03:02:42,Pending
ORD00197,NVIDIA,ASIC,3210,78.63,2023-11-28 03:02:02,2023-03-04 22:26:11,Delivered
ORD00198,Samsung,ASIC,17622,199.94,2023-09-04 03:59:06,2023-10-25 11:16:58,Delivered
ORD00199,AMD,Power IC,43045,329.51,2023-07-08 00:35:40,2023-07-04 17:15:53,Shipped
ORD00200,Apple,ASIC,21587,333.68,2023-10-17 05:12:53,2023-08-25 17:01:09,Delivered
ORD00201,AMD,CPU,1462,209.1,2023-06-03 03:51:39,2023-04-11 22:03:31,Delivered
ORD00202,NVIDIA,RF Chip,5629,340.12,2023-12-16 06:16:24,2023-03-22 17:07:04,Delivered
ORD00203,Samsung,Memory,24804,224.0,2023-07-26 17:14:36,2023-12-03 19:35:15,Delivered
ORD00204,AMD,ASIC,8145,259.49,2023-10-03 08:31:17,2023-01-28 06:22:13,Pending
ORD00205,Qualcomm,Memory,16635,76.13,2023-11-17 07:32:04,2023-08-21 21:40:29,Delivered
ORD00206,NVIDIA,Memory,49924,278.54,2023-04-07 08:15:07,2023-02-18 19:24:53,Shipped
ORD00207,NVIDIA,CPU,27290,146.53,2023-01-09 02:20:13,2023-04-03 11:42:41,Delivered
ORD00208,AMD,CPU,7548,285.7,2023-10-12 13:20:47,2023-06-01 03:48:23,Delivered
ORD00209,Samsung,RF Chip,30091,158.79,2023-04-30 13:47:41,2023-01-10 00:59:07,Shipped
ORD00210,Apple,Power IC,33600,354.13,2023-11-21 19:24:00,2023-03-14 11:47:04,Pending
ORD00211,TSMC,Memory,44102,349.33,2023-02-28 09:07:25,2023-07-15 18:26:18,Shipped
ORD00212,Samsung,CPU,4702,95.32,2023-11-16 20:38:51,2023-04-19 07:45:52,Shipped
ORD00213,Apple,RF Chip,49820,217.79,2023-10-03 19:37:34,2023-03-04 22:04:38,Delivered
ORD00214,Qualcomm,GPU,22170,375.51,2023-01-04 03:00:37,2023-01-30 07:26:54,Pending
ORD00215,NVIDIA,Power IC,27501,160.92,2023-05-04 14:49:14,2023-06-19 02:11:11,Delivered
ORD00216,Intel,Memory,42558,67.67,2023-11-29 18:19:35,2023-09-03 13:10:11,Shipped
ORD00217,Apple,ASIC,38922,385.04,2023-02-22 03:25:03,2023-06-08 19:02:25,Shipped
ORD00218,NVIDIA,RF Chip,9846,313.78,2023-11-20 04:49:01,2023-12-07 01:18:35,Shipped
ORD00219,Samsung,Memory,28287,353.46,2023-09-10 17:30:45,2023-09-21 15:05:25,Shipped
ORD00220,Samsung,Power IC,37060,67.07,2023-12-23 09:02:13,2023-03-07 08:55:20,Shipped
ORD00221,Qualcomm,Memory,40700,171.98,2023-08-29 14:26:23,2023-11-26 08:38:10,Delivered
ORD00222,Samsung,ASIC,14809,344.82,2023-08-08 12:22:12,2023-08-02 15:06:44,Shipped
ORD00223,Samsung,Memory,43390,341.48,2023-11-06 04:06:38,2023-03-14 06:39:24,Pending
ORD00224,Samsung,Power IC,20814,311.12,2023-02-23 04:18:49,2023-04-06 09:37:02,Delivered
ORD00225,NVIDIA,Memory,5327,478.49,2023-11-04 21:04:57,2023-05-11 13:04:21,Delivered
ORD00226,Intel,RF Chip,22136,273.1,2023-05-22 18:16:21,2023-10-30 17:19:57,Pending
ORD00227,TSMC,ASIC,31100,204.23,2023-11-23 19:49:41,2023-11-26 06:14:00,Delivered
ORD00228,Qualcomm,CPU,31384,247.27,2023-07-23 17:04:20,2023-07-08 19:47:05,Delivered
ORD00229,Samsung,Power IC,47710,220.26,2023-04-25 21:45:59,2023-04-05 12:45:53,Delivered
ORD00230,Samsung,ASIC,31972,421.34,2023-06-25 21:44:36,2023-07-04 12:24:41,Delivered
ORD00231,Apple,GPU,46962,389.37,2023-06-05 15:34:58,2023-11-15 10:22:38,Pending
ORD00232,TSMC,ASIC,25761,343.79,2023-05-06 19:15:51,2023-10-21 03:37:32,Delivered
ORD00233,Intel,Memory,4863,126.92,2023-08-10 21:13:50,2023-12-06 23:27:51,Delivered
ORD00234,NVIDIA,CPU,10037,385.34,2023-07-11 18:26:33,2023-10-20 13:02:23,Shipped
ORD00235,Intel,Memory,28113,301.99,2023-09-12 19:39:17,2023-09-03 11:18:02,Shipped
ORD00236,NVIDIA,Memory,21271,70.0,2023-06-17 09:33:37,2023-11-03 21:36:18,Shipped
ORD00237,AMD,Memory,19546,485.22,2023-11-26 13:09:12,2023-11-22 10:48:28,Shipped
ORD00238,Samsung,RF Chip,48041,130.16,2023-08-09 21:18:03,2023-02-26 17:26:32,Pending
ORD00239,Qualcomm,ASIC,5008,115.47,2023-10-24 00:23:37,2023-02-28 06:00:05,Delivered
ORD00240,AMD,GPU,16414,278.79,2023-10-25 17:01:42,2023-11-20 23:54:46,Delivered
ORD00241,Samsung,Power IC,42147,152.91,2023-11-11 20:03:31,2023-06-15 06:28:05,Shipped
ORD00242,NVIDIA,CPU,2383,51.1,2023-04-24 12:08:29,2023-10-17 12:56:11,Delivered
ORD00243,TSMC,GPU,27767,396.12,2023-09-16 02:33:56,2023-07-10 16:35:35,Shipped
ORD00244,Samsung,GPU,42997,417.05,2023-09-25 17:39:52,2023-12-30 17:27:36,Delivered
ORD00245,Apple,Memory,22181,131.16,2023-04-19 11:17:26,2023-10-19 02:52:18,Delivered
ORD00246,TSMC,CPU,7730,337.89,2023-07-16 04:16:00,2023-08-27 11:35:25,Pending
ORD00247,Qualcomm,Power IC,7150,127.3,2023-08-02 03:40:55,2023-01-26 20:46:28,Pending
ORD00248,AMD,GPU,30015,208.55,2023-01-12 06:55:47,2023-07-30 20:36:44,Delivered
ORD00249,Samsung,CPU,1232,286.94,2023-02-13 13:01:07,2023-05-10 21:35:41,Shipped
ORD00250,Samsung,CPU,27062,444.46,2023-11-17 20:02:49,2023-01-25 20:34:58,Shipped
ORD00251,Apple,Power IC,19364,479.97,2023-07-29 21:48:57,2023-03-15 09:59:25,Shipped
ORD00252,AMD,CPU,31019,237.73,2023-08-09 11:05:19,2023-09-09 07:17:17,Delivered
ORD00253,NVIDIA,CPU,35456,167.7,2023-06-22 14:02:46,2023-03-07 04:06:41,Pending
ORD00254,Intel,GPU,22470,152.35,2023-01-24 15:06:38,2023-06-22 21:25:30,Pending
ORD00255,Apple,Memory,13628,473.97,2023-03-02 06:35:57,2023-03-24 16:19:03,Shipped
ORD00256,Intel,GPU,34629,378.89,2023-05-01 21:54:22,2023-02-08 04:10:19,Shipped
ORD00257,AMD,CPU,8545,499.56,2023-08-03 21:45:59,2023-06-22 17:21:02,Shipped
ORD00258,Samsung,ASIC,2104,184.05,2023-09-07 14:02:40,2023-06-08 17:51:00,Pending
ORD00259,NVIDIA,GPU,18449,66.04,2023-12-06 14:36:59,2023-12-05 08:06:30,Shipped
ORD00260,TSMC,RF Chip,1794,267.06,2023-02-09 11:36:48,2023-03-19 16:45:06,Delivered
ORD00261,AMD,CPU,22259,159.42,2023-11-05 07:58:39,2023-12-26 04:19:02,Delivered
ORD00262,Qualcomm,Memory,14040,387.24,2023-05-18 05:49:39,2023-12-02 19:20:35,Delivered
ORD00263,Samsung,ASIC,32126,377.12,2023-08-03 22:24:23,2023-08-03 19:10:56,Shipped
ORD00264,AMD,ASIC,32556,204.01,2023-07-06 08:49:48,2023-08-17 15:50:23,Delivered
ORD00265,TSMC,Memory,35778,81.59,2023-01-16 12:03:25,2023-08-12 08:24:16,Pending
ORD00266,Intel,Memory,39963,356.3,2023-01-01 04:44:25,2023-11-19 19:03:23,Pending
ORD00267,Intel,ASIC,17116,430.06,2023-03-20 11:43:52,2023-05-02 15:42:34,Delivered
ORD00268,AMD,ASIC,40277,358.91,2023-12-03 19:35:27,2023-09-27 01:47:29,Delivered
ORD00269,Samsung,RF Chip,33971,372.87,2023-02-22 21:13:21,2023-02-04 17:05:15,Delivered
ORD00270,Intel,GPU,43744,304.23,2023-09-23 18:24:24,2023-02-16 00:02:51,Delivered
ORD00271,AMD,CPU,7500,287.57,2023-05-02 22:27:38,2023-10-24 04:43:47,Delivered
ORD00272,AMD,RF Chip,8107,218.18,2023-06-16 00:29:14,2023-08-21 08:53:47,Delivered
ORD00273,Intel,Memory,15303,197.79,2023-09-27 09:47:35,2023-07-24 11:18:55,Shipped
ORD00274,NVIDIA,GPU,36213,57.12,2023-04-21 15:21:55,2023-01-03 04:32:23,Shipped
ORD00275,TSMC,GPU,47609,471.94,2023-04-10 00:57:15,2023-01-25 21:13:46,Shipped
ORD00276,Samsung,GPU,11348,424.21,2023-11-08 18:26:46,2023-11-14 23:19:36,Shipped
ORD00277,NVIDIA,GPU,19004,146.57,2023-03-19 14:15:23,2023-11-21 10:12:27,Shipped
ORD00278,Apple,Power IC,32745,431.32,2023-10-08 12:46:01,2023-10-20 17:40:07,Delivered
ORD00279,Samsung,Power IC,3076,113.24,2023-12-17 02:21:30,2023-10-10 06:55:59,Shipped
ORD00280,TSMC,Power IC,2511,272.2,2023-04-16 10:15:45,2023-11-29 19:40:14,Shipped
ORD00281,Samsung,Power IC,8017,221.94,2023-03-18 00:39:33,2023-04-27 16:30:29,Delivered
ORD00282,TSMC,ASIC,13482,317.37,2023-07-23 04:50:14,2023-04-22 06:57:16,Delivered
ORD00283,Samsung,ASIC,19205,219.07,2023-06-30 19:37:22,2023-09-24 10:55:25,Pending
ORD00284,Intel,Memory,31009,54.39,2023-01-26 08:11:02,2023-07-18 20:20:06,Delivered
ORD00285,Apple,RF Chip,23423,450.15,2023-01-14 13:35:48,2023-10-01 09:47:55,Pending
ORD00286,Intel,GPU,34600,227.78,2023-03-06 10:13:24,2023-05-14 19:44:56,Pending
ORD00287,TSMC,Memory,22476,286.12,2023-04-02 10:16:44,2023-09-09 21:03:08,Delivered
ORD00288,Samsung,CPU,23043,443.82,2023-06-07 22:54:25,2023-06-18 15:50:22,Delivered
ORD00289,NVIDIA,Power IC,1378,91.17,2023-06-13 05:21:26,2023-01-08 15:49:43,Pending
ORD00290,Qualcomm,Power IC,28231,423.95,2023-02-18 10:15:05,2023-05-12 19:39:03,Delivered
ORD00291,NVIDIA,Memory,42967,324.21,2023-08-03 07:56:48,2023-01-16 00:49:35,Delivered
ORD00292,TSMC,RF Chip,6598,470.24,2023-02-09 20:12:37,2023-10-12 05:33:22,Delivered
ORD00293,Qualcomm,ASIC,33519,280.82,2023-10-16 05:40:36,2023-07-26 14:48:28,Delivered
ORD00294,NVIDIA,ASIC,2856,233.66,2023-04-03 10:12:10,2023-11-19 03:17:04,Pending
ORD00295,TSMC,GPU,3213,115.39,2023-03-09 08:57:26,2023-12-25 01:30:01,Pending
ORD00296,Samsung,CPU,19172,360.85,2023-05-29 10:36:42,2023-09-17 20:40:25,Delivered
ORD00297,NVIDIA,GPU,13173,236.49,2023-08-17 18:07:01,2023-05-09 07:11:29,Delivered
ORD00298,AMD,CPU,2620,459.14,2023-08-06 13:20:47,2023-03-03 04:05:36,Shipped
ORD00299,Apple,RF Chip,18379,170.83,2023-06-24 00:08:09,2023-06-21 05:16:05,Delivered
ORD00300,Apple,GPU,43311,171.46,2023-01-19 10:58:45,2023-12-13 13:00:20,Shipped
ORD00301,Samsung,RF Chip,27715,96.79,2023-12-02 03:26:04,2023-04-03 15:23:00,Delivered
ORD00302,NVIDIA,RF Chip,45589,84.07,2023-07-13 04:06:06,2023-02-23 14:53:28,Delivered
ORD00303,Qualcomm,GPU,16112,292.72,2023-08-21 17:11:08,2023-11-23 01:50:25,Shipped
ORD00304,NVIDIA,ASIC,11705,272.64,2023-02-17 14:49:25,2023-09-16 03:37:45,Shipped
ORD00305,Qualcomm,Power IC,16667,387.85,2023-04-24 11:54:54,2023-12-09 11:34:45,Delivered
ORD00306,TSMC,RF Chip,26194,255.47,2023-02-21 13:56:58,2023-06-01 12:54:13,Pending
ORD00307,Apple,Memory,15273,364.68,2023-09-09 11:10:47,2023-04-14 03:55:09,Delivered
ORD00308,AMD,CPU,3610,360.18,2023-07-19 04:30:05,2023-04-28 16:05:16,Delivered
ORD00309,NVIDIA,ASIC,41180,129.27,2023-02-11 09:26:27,2023-04-12 06:10:10,Shipped
ORD00310,TSMC,CPU,7176,474.63,2023-02-16 15:55:01,2023-09-26 13:51:41,Shipped
ORD00311,Samsung,GPU,36257,441.98,2023-04-13 16:37:47,2023-06-13 07:27:36,Shipped
ORD00312,Samsung,RF Chip,11032,133.45,2023-12-27 17:37:22,2023-03-12 21:14:03,Delivered
ORD00313,TSMC,Memory,6227,455.11,2023-08-26 17:04:43,2023-06-13 00:04:10,Delivered
ORD00314,Qualcomm,Power IC,35792,267.62,2023-01-25 18:09:44,2023-04-15 20:17:44,Pending
ORD00315,Samsung,Memory,14639,338.69,2023-04-22 18:02:24,2023-05-13 07:26:12,Pending
ORD00316,Intel,RF Chip,27339,329.1,2023-11-02 22:08:37,2023-12-01 05:45:37,Shipped
ORD00317,Samsung,RF Chip,49241,329.98,2023-08-26 05:45:23,2023-09-03 19:02:22,Delivered
ORD00318,TSMC,GPU,40443,286.28,2023-10-06 14:46:25,2023-04-22 19:33:34,Delivered
ORD00319,Samsung,Power IC,24176,219.98,2023-03-09 11:55:28,2023-10-12 13:34:02,Shipped
ORD00320,Samsung,Power IC,25665,59.89,2023-06-14 10:38:03,2023-06-22 06:05:56,Delivered
ORD00321,Intel,ASIC,10137,240.48,2023-11-12 13:02:13,2023-09-09 12:04:19,Shipped
ORD00322,Intel,Memory,39204,494.34,2023-10-16 14:54:38,2023-11-09 22:45:28,Delivered
ORD00323,TSMC,Memory,3052,301.59,2023-10-07 21:35:47,2023-03-25 09:22:20,Delivered
ORD00324,NVIDIA,RF Chip,44860,232.34,2023-08-24 13:27:35,2023-03-28 07:26:45,Shipped
ORD00325,Samsung,Power IC,2007,351.89,2023-11-09 02:25:53,2023-08-07 00:21:32,Delivered
ORD00326,Apple,RF Chip,37103,108.06,2023-03-31 15:46:46,2023-12-29 03:40:13,Delivered
ORD00327,NVIDIA,RF Chip,16285,277.73,2023-10-05 11:35:48,2023-12-04 00:44:47,Pending
ORD00328,Qualcomm,GPU,14424,141.03,2023-12-21 20:54:37,2023-09-15 10:15:05,Shipped
ORD00329,Qualcomm,CPU,41022,333.88,2023-10-23 09:35:36,2023-04-13 08:03:51,Shipped
ORD00330,Samsung,ASIC,16497,174.74,2023-07-16 17:52:56,2023-12-30 02:37:01,Delivered
ORD00331,TSMC,GPU,27828,281.53,2023-04-26 18:33:42,2023-08-24 14:55:07,Delivered
ORD00332,Intel,CPU,22110,295.84,2023-04-07 02:05:01,2023-11-05 23:40:02,Delivered
ORD00333,Samsung,Power IC,32107,395.46,2023-10-29 06:39:39,2023-11-19 07:24:14,Shipped
ORD00334,NVIDIA,GPU,34614,316.64,2023-07-06 08:22:53,2023-04-21 09:54:25,Shipped
ORD00335,Samsung,ASIC,3009,185.18,2023-12-22 07:52:53,2023-10-31 12:46:54,Shipped
ORD00336,AMD,GPU,34801,50.67,2023-10-03 19:14:25,2023-05-17 11:32:53,Delivered
ORD00337,NVIDIA,ASIC,42573,369.58,2023-07-16 21:21:25,2023-07-10 15:29:41,Shipped
ORD00338,TSMC,Memory,45852,255.23,2023-02-14 16:29:35,2023-05-28 18:20:42,Pending
ORD00339,AMD,Power IC,19801,366.78,2023-02-04 11:52:33,2023-06-17 23:36:33,Shipped
ORD00340,Qualcomm,Memory,38691,358.81,2023-07-22 20:34:12,2023-05-31 10:28:43,Shipped
ORD00341,Samsung,CPU,39628,482.54,2023-08-22 21:05:33,2023-12-21 22:18:17,Shipped
ORD00342,Samsung,CPU,25632,224.11,2023-11-26 19:41:20,2023-03-26 03:35:20,Delivered
ORD00343,AMD,Power IC,24533,468.96,2023-11-15 20:48:51,2023-07-07 20:04:04,Shipped
ORD00344,NVIDIA,Power IC,48521,239.98,2023-01-02 12:21:27,2023-03-20 17:06:30,Shipped
ORD00345,NVIDIA,CPU,19585,243.64,2023-08-28 15:37:43,2023-01-19 11:15:40,Pending
ORD00346,NVIDIA,ASIC,46857,269.78,2023-03-16 15:01:08,2023-12-11 13:34:03,Shipped
ORD00347,NVIDIA,Memory,21633,138.7,2023-04-20 02:39:44,2023-04-08 04:37:05,Delivered
ORD00348,AMD,CPU,28078,64.6,2023-12-20 18:07:47,2023-07-21 21:53:21,Shipped
ORD00349,Intel,ASIC,39103,214.24,2023-09-11 02:39:48,2023-06-23 22:06:12,Delivered
ORD00350,Apple,ASIC,21708,85.26,2023-12-13 07:22:37,2023-09-14 17:05:18,Pending
ORD00351,Samsung,CPU,19409,475.55,2023-04-02 07:58:22,2023-10-27 13:05:17,Pending
ORD00352,Intel,Power IC,11744,426.79,2023-07-25 11:41:49,2023-05-13 16:37:17,Shipped
ORD00353,Samsung,Memory,7605,423.05,2023-04-16 14:49:55,2023-04-26 12:06:51,Pending
ORD00354,TSMC,ASIC,41905,395.1,2023-01-08 06:20:59,2023-04-12 11:44:00,Pending
ORD00355,Apple,ASIC,44099,216.41,2023-03-16 16:23:57,2023-03-28 15:47:20,Pending
ORD00356,AMD,RF Chip,20285,311.11,2023-02-01 03:44:37,2023-03-01 04:37:25,Shipped
ORD00357,Qualcomm,ASIC,21172,104.84,2023-03-14 13:24:23,2023-05-20 04:49:35,Delivered
ORD00358,TSMC,CPU,19759,203.39,2023-07-14 18:03:45,2023-02-22 08:20:06,Shipped
ORD00359,Samsung,GPU,8061,328.11,2023-10-26 19:31:55,2023-12-29 16:55:09,Delivered
ORD00360,NVIDIA,RF Chip,32430,74.26,2023-04-26 12:17:38,2023-06-24 14:04:49,Shipped
ORD00361,NVIDIA,Memory,10646,211.71,2023-01-22 07:58:19,2023-10-14 07:15:29,Shipped
ORD00362,Samsung,GPU,1608,447.93,2023-09-05 10:27:27,2023-03-31 00:45:41,Delivered
ORD00363,Apple,ASIC,10651,149.8,2023-07-21 14:09:05,2023-01-05 14:03:06,Shipped
ORD00364,Intel,RF Chip,2584,241.62,2023-04-27 04:36:54,2023-09-22 01:15:12,Shipped
ORD00365,AMD,ASIC,36979,253.77,2023-05-12 13:42:58,2023-09-07 05:56:43,Delivered
ORD00366,Apple,ASIC,41752,453.32,2023-01-21 14:15:34,2023-05-13 03:46:52,Pending
ORD00367,AMD,GPU,33999,268.92,2023-01-19 05:39:42,2023-11-04 06:40:42,Delivered
ORD00368,NVIDIA,Memory,21042,119.5,2023-06-03 22:55:41,2023-06-28 17:41:41,Delivered
ORD00369,NVIDIA,CPU,22068,381.99,2023-06-04 13:26:45,2023-09-21 08:20:16,Shipped
ORD00370,AMD,ASIC,44947,473.93,2023-09-10 13:31:20,2023-05-13 05:12:51,Shipped
ORD00371,Samsung,Memory,37631,275.0,2023-05-12 06:45:17,2023-10-17 13:52:15,Shipped
ORD00372,Apple,Memory,9643,150.93,2023-04-16 15:54:07,2023-02-24 23:37:42,Delivered
ORD00373,AMD,Memory,46015,122.03,2023-03-12 14:14:24,2023-03-22 05:38:41,Shipped
ORD00374,Qualcomm,Memory,11747,198.33,2023-05-04 15:51:48,2023-05-09 02:29:42,Pending
ORD00375,Apple,RF Chip,25085,372.2,2023-03-28 19:28:10,2023-01-12 06:12:09,Shipped
ORD00376,Intel,RF Chip,35311,275.02,2023-08-24 17:46:21,2023-11-10 21:52:39,Shipped
ORD00377,Samsung,Memory,42239,362.57,2023-09-05 04:26:24,2023-03-28 23:27:15,Delivered
ORD00378,Intel,Power IC,46746,222.77,2023-02-25 05:58:10,2023-07-04 01:21:34,Shipped
ORD00379,TSMC,GPU,42123,188.22,2023-11-04 01:16:42,2023-11-12 12:51:52,Shipped
ORD00380,Intel,Power IC,22163,339.71,2023-03-14 12:54:28,2023-04-28 02:15:54,Pending
ORD00381,TSMC,GPU,14797,103.26,2023-11-09 01:22:19,2023-03-06 04:28:58,Shipped
ORD00382,TSMC,CPU,49269,360.54,2023-12-20 09:15:53,2023-05-13 12:23:14,Shipped
ORD00383,NVIDIA,ASIC,39906,199.5,2023-06-08 17:00:41,2023-02-11 04:15:55,Shipped
ORD00384,AMD,GPU,23907,367.14,2023-05-20 05:01:56,2023-06-19 11:07:29,Delivered
ORD00385,AMD,RF Chip,45447,466.69,2023-08-22 03:37:06,2023-11-12 23:22:01,Delivered
ORD00386,Qualcomm,Power IC,17972,462.26,2023-08-03 12:24:10,2023-07-05 21:38:29,Pending
ORD00387,Qualcomm,Memory,12660,62.02,2023-01-03 09:28:18,2023-10-24 14:39:11,Shipped
ORD00388,Samsung,RF Chip,28357,135.48,2023-12-16 05:11:16,2023-09-05 18:32:49,Shipped
ORD00389,Qualcomm,Memory,47925,81.81,2023-07-18 22:41:44,2023-08-19 02:17:06,Shipped
ORD00390,Apple,ASIC,10867,51.84,2023-06-24 16:57:27,2023-07-23 19:47:03,Pending
ORD00391,AMD,ASIC,21623,137.2,2023-05-26 17:12:57,2023-04-13 17:25:02,Delivered
ORD00392,Qualcomm,GPU,40841,411.81,2023-01-14 11:12:31,2023-07-16 20:15:20,Pending
ORD00393,TSMC,Memory,21783,225.24,2023-01-22 06:31:30,2023-06-12 00:19:21,Delivered
ORD00394,Apple,RF Chip,15280,424.09,2023-07-17 21:30:29,2023-01-07 22:15:17,Delivered
ORD00395,Intel,GPU,19038,84.22,2023-05-15 02:00:59,2023-09-05 03:35:51,Delivered
ORD00396,AMD,RF Chip,24307,209.3,2023-06-08 18:45:53,2023-08-10 22:47:24,Shipped
ORD00397,NVIDIA,Memory,24177,429.28,2023-01-29 08:17:28,2023-01-29 05:57:01,Delivered
ORD00398,Samsung,GPU,24875,216.66,2023-03-10 22:44:19,2023-07-18 17:31:13,Delivered
ORD00399,NVIDIA,ASIC,18536,359.17,2023-06-29 19:24:01,2023-11-22 04:34:54,Shipped
ORD00400,NVIDIA,ASIC,14773,96.02,2023-09-08 08:19:51,2023-10-08 01:52:37,Pending
ORD00401,TSMC,Power IC,14593,111.72,2023-01-25 09:45:58,2023-03-17 07:25:52,Pending
ORD00402,Samsung,Memory,15097,489.52,2023-04-10 15:23:33,2023-11-17 08:17:54,Delivered
ORD00403,Intel,Memory,22312,65.48,2023-03-28 02:57:52,2023-02-15 17:46:00,Shipped
ORD00404,NVIDIA,Power IC,46309,248.66,2023-03-02 17:54:53,2023-01-01 11:53:07,Pending
ORD00405,AMD,GPU,23027,337.1,2023-08-27 01:38:56,2023-07-17 04:43:39,Shipped
ORD00406,Samsung,GPU,23531,145.58,2023-06-01 19:05:36,2023-01-21 11:37:05,Shipped
ORD00407,Apple,Power IC,8576,311.17,2023-10-10 00:18:11,2023-05-18 12:09:25,Delivered
ORD00408,Qualcomm,CPU,15741,430.2,2023-04-23 14:22:45,2023-03-28 20:13:05,Pending
ORD00409,NVIDIA,GPU,23281,319.22,2023-01-13 23:36:20,2023-01-06 22:37:15,Delivered
ORD00410,AMD,ASIC,23346,321.15,2023-06-23 23:25:52,2023-08-21 02:44:33,Delivered
ORD00411,Samsung,Memory,38837,199.65,2023-07-20 17:47:54,2023-02-06 14:57:36,Shipped
ORD00412,Apple,RF Chip,33742,194.71,2023-08-13 12:46:40,2023-03-30 11:05:10,Shipped
ORD00413,Qualcomm,ASIC,3535,57.96,2023-12-16 17:22:44,2023-05-25 11:48:00,Shipped
ORD00414,TSMC,Power IC,26413,407.98,2023-04-28 22:59:41,2023-02-24 23:00:09,Delivered
ORD00415,Qualcomm,RF Chip,44994,388.91,2023-05-20 04:50:19,2023-07-26 03:40:40,Shipped
ORD00416,AMD,GPU,26535,387.09,2023-02-18 03:31:08,2023-07-09 10:47:35,Delivered
ORD00417,Apple,GPU,20889,377.63,2023-01-14 21:32:12,2023-08-12 19:05:02,Pending
ORD00418,NVIDIA,CPU,7322,411.57,2023-02-01 17:35:05,2023-01-30 14:56:11,Shipped
ORD00419,Apple,RF Chip,32099,385.69,2023-08-22 12:42:29,2023-09-26 22:47:16,Delivered
ORD00420,TSMC,CPU,49442,98.29,2023-03-15 03:15:51,2023-11-07 02:19:49,Shipped
ORD00421,Apple,RF Chip,47170,324.92,2023-09-17 09:34:22,2023-07-18 19:49:17,Pending
ORD00422,Apple,CPU,4727,307.19,2023-02-22 15:52:10,2023-10-23 11:18:40,Pending
ORD00423,TSMC,Power IC,14561,142.79,2023-01-28 03:24:27,2023-08-25 09:20:36,Delivered
ORD00424,NVIDIA,Power IC,12379,137.05,2023-06-20 04:09:26,2023-05-19 04:44:58,Delivered
ORD00425,Samsung,GPU,34573,243.11,2023-09-10 14:46:34,2023-02-26 14:42:51,Shipped
ORD00426,Qualcomm,ASIC,12831,419.99,2023-04-12 21:57:13,2023-03-02 17:45:54,Delivered
ORD00427,AMD,Memory,7118,57.87,2023-03-10 13:50:42,2023-09-29 00:23:00,Delivered
ORD00428,Intel,CPU,22427,247.37,2023-04-10 14:24:12,2023-02-01 01:07:41,Shipped
ORD00429,Apple,CPU,4082,449.31,2023-12-10 06:56:43,2023-09-27 12:02:34,Delivered
ORD00430,Intel,RF Chip,49381,475.46,2023-10-23 03:10:51,2023-11-09 16:07:51,Delivered
ORD00431,Qualcomm,Power IC,45824,288.9,2023-11-23 10:21:55,2023-03-29 15:42:06,Delivered
ORD00432,Apple,RF Chip,12687,445.27,2023-06-02 12:22:04,2023-05-08 17:06:44,Shipped
ORD00433,Apple,Power IC,40825,464.72,2023-11-07 18:51:26,2023-06-26 03:24:02,Pending
ORD00434,Qualcomm,GPU,37233,224.74,2023-12-11 18:54:54,2023-10-23 19:07:00,Shipped
ORD00435,AMD,ASIC,18404,297.13,2023-02-18 05:16:07,2023-09-03 03:16:22,Delivered
ORD00436,Apple,GPU,11800,385.93,2023-11-15 18:21:23,2023-12-08 08:44:29,Shipped
ORD00437,Samsung,Power IC,22856,197.67,2023-04-27 22:35:35,2023-03-10 11:47:34,Pending
ORD00438,TSMC,CPU,27464,185.39,2023-10-31 12:44:21,2023-12-26 11:22:23,Delivered
ORD00439,Apple,ASIC,9382,439.3,2023-02-26 08:10:15,2023-08-12 00:47:30,Pending
ORD00440,NVIDIA,ASIC,7278,470.9,2023-07-31 02:09:12,2023-01-28 14:09:51,Delivered
ORD00441,TSMC,GPU,47769,424.58,2023-04-15 02:00:08,2023-11-28 18:40:39,Delivered
ORD00442,Intel,Power IC,49990,50.55,2023-12-13 09:56:40,2023-01-01 12:54:17,Shipped
ORD00443,NVIDIA,GPU,8932,367.13,2023-11-10 07:12:16,2023-02-22 04:34:49,Pending
ORD00444,Samsung,Memory,38263,445.43,2023-11-28 16:17:14,2023-05-27 11:13:32,Delivered
ORD00445,Apple,RF Chip,34761,134.42,2023-10-26 03:34:51,2023-10-30 03:03:32,Shipped
ORD00446,NVIDIA,ASIC,42844,50.52,2023-01-03 10:40:06,2023-05-24 18:42:36,Shipped
ORD00447,Qualcomm,Power IC,19415,73.39,2023-07-17 09:35:55,2023-06-08 13:39:20,Shipped
ORD00448,Apple,ASIC,10733,180.3,2023-11-22 03:24:19,2023-11-21 09:12:00,Shipped
ORD00449,NVIDIA,RF Chip,46543,494.41,2023-12-06 08:28:41,2023-07-21 22:07:45,Pending
ORD00450,TSMC,Memory,18421,73.08,2023-10-12 23:47:23,2023-10-18 09:39:23,Delivered
ORD00451,Qualcomm,ASIC,47844,191.38,2023-10-23 21:31:59,2023-06-29 06:38:40,Shipped
ORD00452,Apple,GPU,35288,282.4,2023-01-03 11:55:07,2023-03-09 02:40:07,Shipped
ORD00453,Intel,Memory,14010,171.0,2023-01-14 13:38:30,2023-09-28 08:27:28,Shipped
ORD00454,Qualcomm,CPU,38199,258.1,2023-08-22 09:08:02,2023-06-18 22:23:07,Pending
ORD00455,Apple,CPU,8854,256.1,2023-07-31 14:10:12,2023-05-05 11:27:41,Delivered
ORD00456,TSMC,ASIC,46415,288.5,2023-06-22 01:22:17,2023-04-26 16:47:55,Pending
ORD00457,Samsung,CPU,21775,343.12,2023-10-09 03:52:48,2023-08-31 21:17:52,Shipped
ORD00458,AMD,Power IC,38413,133.15,2023-10-02 18:11:56,2023-05-23 23:15:38,Delivered
ORD00459,Intel,GPU,10970,405.56,2023-08-17 05:28:23,2023-12-18 13:52:00,Pending
ORD00460,AMD,Memory,9710,278.81,2023-06-22 06:19:55,2023-06-14 13:29:49,Shipped
ORD00461,NVIDIA,CPU,10479,175.83,2023-02-13 11:24:47,2023-08-28 23:24:44,Shipped
ORD00462,NVIDIA,CPU,20014,283.96,2023-12-29 23:57:15,2023-07-17 10:05:43,Shipped
ORD00463,Qualcomm,ASIC,34694,463.6,2023-04-23 10:12:36,2023-05-01 09:54:13,Delivered
ORD00464,TSMC,Memory,25021,343.16,2023-09-21 03:43:25,2023-03-02 19:33:04,Pending
ORD00465,Intel,Power IC,10320,376.7,2023-12-07 21:04:00,2023-09-26 08:44:34,Shipped
ORD00466,Apple,GPU,11892,205.48,2023-09-03 10:37:07,2023-09-21 22:41:54,Pending
ORD00467,Samsung,GPU,19236,465.65,2023-08-08 18:13:27,2023-08-28 14:17:57,Shipped
ORD00468,TSMC,Power IC,34485,491.03,2023-08-02 19:18:13,2023-02-21 20:22:32,Shipped
ORD00469,TSMC,Memory,39199,423.26,2023-11-10 07:32:54,2023-05-23 00:48:11,Shipped
ORD00470,AMD,ASIC,1214,413.43,2023-08-01 18:36:20,2023-05-06 11:45:25,Delivered
ORD00471,Samsung,Power IC,32697,162.63,2023-10-28 19:29:15,2023-10-08 10:22:49,Delivered
ORD00472,NVIDIA,GPU,9835,452.91,2023-07-12 19:12:02,2023-04-07 15:08:00,Delivered
ORD00473,Samsung,ASIC,8300,481.32,2023-03-15 06:09:53,2023-12-10 20:31:54,Shipped
ORD00474,TSMC,RF Chip,21862,499.79,2023-02-22 12:39:07,2023-12-30 19:53:49,Pending
ORD00475,AMD,Power IC,43359,298.34,2023-02-07 10:24:54,2023-07-27 01:01:58,Delivered
ORD00476,TSMC,GPU,4153,272.25,2023-02-22 11:02:48,2023-10-03 20:43:45,Shipped
ORD00477,Intel,Power IC,15365,473.6,2023-08-31 18:07:35,2023-08-28 00:10:37,Pending
ORD00478,Qualcomm,RF Chip,40973,377.06,2023-04-27 02:51:53,2023-07-13 09:43:34,Shipped
ORD00479,AMD,RF Chip,20211,78.44,2023-08-21 16:22:17,2023-04-12 18:41:15,Shipped
ORD00480,AMD,Memory,49398,493.51,2023-10-24 01:21:38,2023-08-28 14:33:06,Shipped
ORD00481,Intel,CPU,29635,303.14,2023-12-29 07:43:56,2023-04-22 15:42:00,Pending
ORD00482,AMD,RF Chip,47817,93.67,2023-10-06 08:46:28,2023-07-03 11:44:02,Shipped
ORD00483,Samsung,RF Chip,40250,370.25,2023-09-24 15:59:57,2023-08-18 20:13:57,Shipped
ORD00484,Qualcomm,RF Chip,30082,402.76,2023-06-01 19:16:57,2023-12-22 09:36:42,Pending
ORD00485,Intel,ASIC,9244,285.85,2023-05-06 06:00:24,2023-09-23 02:11:56,Shipped
ORD00486,Apple,RF Chip,38088,287.43,2023-04-06 07:52:57,2023-10-26 19:45:58,Shipped
ORD00487,TSMC,ASIC,33105,296.74,2023-01-04 09:38:23,2023-05-29 02:16:12,Pending
ORD00488,Apple,CPU,31730,440.5,2023-08-31 13:48:26,2023-05-21 13:20:26,Pending
ORD00489,Samsung,RF Chip,16799,377.59,2023-01-09 20:00:05,2023-10-17 01:50:51,Shipped
ORD00490,TSMC,ASIC,12723,162.36,2023-07-17 14:43:59,2023-02-14 23:32:58,Delivered
ORD00491,Apple,Memory,20347,356.94,2023-05-06 09:07:43,2023-10-31 22:57:23,Shipped
ORD00492,TSMC,ASIC,49209,417.13,2023-12-12 21:26:44,2023-11-10 01:05:56,Shipped
ORD00493,Apple,GPU,32047,343.45,2023-02-16 16:16:47,2023-09-29 01:55:59,Delivered
ORD00494,Samsung,ASIC,47068,234.95,2023-01-25 01:30:21,2023-08-02 00:01:49,Delivered
ORD00495,AMD,GPU,33656,311.53,2023-02-04 01:27:15,2023-10-23 19:19:16,Pending
ORD00496,Samsung,GPU,13278,210.88,2023-09-09 11:51:02,2023-05-13 16:29:26,Shipped
ORD00497,Apple,GPU,6328,328.37,2023-11-28 04:38:28,2023-02-12 15:47:40,Shipped
ORD00498,TSMC,GPU,9975,365.47,2023-04-01 07:39:37,2023-01-14 10:14:51,Shipped
ORD00499,Apple,Memory,2479,444.3,2023-12-07 02:29:41,2023-09-07 11:17:13,Delivered
